lambda,H_SDR,H_ISR,H_SIR,H_SAR,P_SDR,P_ISR,P_SIR,P_SAR
0.05,-0.5381457210974642,1.8319149533379027,2.2588999153962823,3.92633859563361,9.01533758581245,10.706621812298966,18.653700027553064,10.985469501337457
0.1,-0.6275140372120813,2.125339892047741,2.432607371757476,4.035392820284718,8.682858860391006,10.065345761805549,24.186891090897717,11.496369625398783
0.2,-1.3025735624209187,2.2305987232712003,-0.8839026922765637,5.431155227462553,6.144605239864695,6.496166182191351,24.81108077269993,9.681583161904092
0.5,-3.1031681119153802,1.850186442380193,-4.432275267220874,9.236024348822825,1.8934528189494395,1.9890611744731292,23.269537137236753,6.5630411265249435
1.0,-3.739752320522637,1.6973138215440842,-5.336858354240277,10.806053114163007,0.7190747722091485,0.7458219598379712,20.297817905189067,5.664210844009249
