lambda,H_SDR,H_ISR,H_SIR,H_SAR,P_SDR,P_ISR,P_SIR,P_SAR
0.05,-1.231532590691286,1.5308840273816706,1.4906175567863196,3.6846140123254156,7.046923781236654,9.421983692782254,15.962313361837674,8.483253490168416
0.1,-1.1067064988876776,1.6433413866110889,1.625911139060501,3.6707793857575375,7.447494023882692,9.513111826825703,17.43297281646291,8.890438353730778
0.2,-1.0761482374471023,1.7855103948411786,1.5840101581032564,3.7689292574340167,7.501283943159452,9.225412357768406,19.90427249774344,9.303440111385775
0.5,-2.039920800140168,2.0524565213306794,-2.632318532883188,7.072128690262892,4.093212594598198,4.372094040155261,21.378271431873813,7.78951471217442
