lambda,H_SDR,H_ISR,H_SIR,H_SAR,P_SDR,P_ISR,P_SIR,P_SAR
0.05,-1.0363303054108566,1.8726404071548002,-0.8199166699398679,5.572164889854062,6.782426724007737,7.548321090201519,16.173887896936147,11.559188048014867
0.1,-3.501342822172724,1.8128412085636891,-5.179214416596414,10.047991852521974,1.1139788313888315,1.1316292433542214,19.629098090360973,6.294420767308525
0.2,-4.123019626671123,1.627907149516775,-5.829265056477482,11.333092335717028,0.05629473042732056,0.06898145121017712,18.877092796154336,3.9055602806352185
0.5,-4.156327808801441,1.6206763239561275,-5.876315313550603,11.3939614270443,-4.692679011679386e-06,-6.123513058233864e-06,-5.745456561726679,-22.049450940301934
